주문 번호,반품?
IN-2013-12477,Yes
IN-2014-51243,Yes
ID-2012-49031,Yes
IN-2014-19645,Yes
IN-2014-77878,Yes
IN-2015-73447,Yes
IN-2013-78865,Yes
IN-2013-44509,Yes
IN-2015-72747,Yes
IN-2013-44810,Yes
ID-2012-72096,Yes
IN-2015-84353,Yes
IN-2015-66573,Yes
ID-2012-33295,Yes
IN-2013-70073,Yes
IN-2014-18175,Yes
IN-2014-47911,Yes
IN-2012-23712,Yes
IN-2013-24132,Yes
IN-2012-86642,Yes
ID-2012-23593,Yes
IN-2014-27828,Yes
IN-2014-70990,Yes
IN-2014-14409,Yes
IN-2015-15676,Yes
ID-2014-68498,Yes
IN-2012-85284,Yes
IN-2014-84584,Yes
IN-2015-46595,Yes
IN-2015-49402,Yes
IN-2015-32091,Yes
IN-2015-43571,Yes
IN-2013-32882,Yes
ID-2015-17475,Yes
IN-2012-33183,Yes
IN-2015-25637,Yes
ID-2013-85095,Yes
IN-2015-17027,Yes
IN-2014-59160,Yes
IN-2014-25245,Yes
IN-2013-56682,Yes
IN-2014-35304,Yes
ID-2015-15186,Yes
IN-2014-56689,Yes
IN-2013-59391,Yes
IN-2015-21059,Yes
ID-2015-64914,Yes
IN-2014-33204,Yes
IN-2014-40218,Yes
IN-2013-31944,Yes
ID-2015-68505,Yes
IN-2014-12715,Yes
IN-2013-69870,Yes
IN-2012-62331,Yes
ID-2012-77619,Yes
IN-2012-25070,Yes
ID-2012-24160,Yes
IN-2015-61260,Yes
IN-2014-13786,Yes
ID-2012-22011,Yes
IN-2015-57683,Yes
IN-2015-23481,Yes
IN-2015-77339,Yes
IN-2014-15466,Yes
ID-2012-20604,Yes
IN-2015-69205,Yes
IN-2013-68897,Yes
ID-2013-62345,Yes
IN-2015-15011,Yes
IN-2014-25112,Yes
IN-2013-19995,Yes
IN-2014-59454,Yes
ID-2014-64970,Yes
ID-2013-44173,Yes
ID-2014-52643,Yes
IN-2015-68008,Yes
ID-2014-83975,Yes
IN-2013-68911,Yes
ID-2012-69142,Yes
ID-2015-11098,Yes
IN-2014-53140,Yes
IN-2012-53203,Yes
IN-2015-17615,Yes
IN-2015-23929,Yes
IN-2015-41093,Yes
IN-2013-30572,Yes
IN-2013-78067,Yes
IN-2014-42192,Yes
IN-2012-24069,Yes
IN-2015-71907,Yes
ID-2015-35374,Yes
IN-2013-73216,Yes
IN-2015-62338,Yes
ID-2014-74357,Yes
IN-2013-29228,Yes
IN-2015-73972,Yes
IN-2013-69072,Yes
IN-2015-11637,Yes
IN-2015-24531,Yes
IN-2015-51607,Yes
ID-2015-33680,Yes
IN-2015-43410,Yes
ID-2015-56339,Yes
IN-2012-33890,Yes
ID-2014-60637,Yes
IN-2015-60476,Yes
IN-2012-17594,Yes
IN-2015-37033,Yes
ID-2013-13982,Yes
IN-2015-46665,Yes
IN-2013-63934,Yes
IN-2013-75134,Yes
IN-2014-48184,Yes
IN-2015-62275,Yes
ID-2012-27779,Yes
ID-2014-79117,Yes
ID-2014-41968,Yes
IN-2015-41814,Yes
IN-2014-51775,Yes
IN-2012-60196,Yes
IN-2013-28493,Yes
ID-2014-36312,Yes
IN-2013-64116,Yes
IN-2012-60560,Yes
ID-2014-22025,Yes
IN-2013-44194,Yes
IN-2012-35857,Yes
IN-2013-48744,Yes
IN-2013-41261,Yes
IN-2014-49318,Yes
IN-2015-14003,Yes
ID-2013-21563,Yes
IN-2015-75470,Yes
ID-2014-78795,Yes
ID-2013-70857,Yes
IN-2015-38006,Yes
IN-2013-10986,Yes
IN-2013-39889,Yes
IN-2014-20548,Yes
IN-2014-17041,Yes
IN-2015-35395,Yes
IN-2012-13492,Yes
IN-2015-52384,Yes
IN-2015-47799,Yes
ID-2015-86033,Yes
IN-2012-76758,Yes
IN-2012-56738,Yes
IN-2012-52125,Yes
IN-2014-41198,Yes
IN-2012-59013,Yes
IN-2012-64361,Yes
IN-2015-51985,Yes
ID-2013-16257,Yes
ID-2015-41191,Yes
IN-2013-41415,Yes
ID-2014-59566,Yes
IN-2015-44012,Yes
IN-2014-64578,Yes
ID-2012-57718,Yes
IN-2013-52657,Yes
IN-2013-23089,Yes
IN-2015-29767,Yes
ID-2013-72453,Yes
IN-2014-14437,Yes
IN-2013-16572,Yes
IN-2013-36088,Yes
ID-2012-50655,Yes
IN-2015-58460,Yes
IN-2015-66062,Yes
IN-2012-30894,Yes
IN-2015-31356,Yes
ID-2015-25707,Yes
IN-2013-69044,Yes
IN-2014-21003,Yes
ID-2012-55142,Yes
ID-2014-85074,Yes
IN-2012-86278,Yes
ID-2014-72362,Yes
IN-2015-50158,Yes
ID-2012-65124,Yes
IN-2015-75855,Yes
ID-2015-16474,Yes
IN-2012-63808,Yes
ID-2013-57193,Yes
IN-2014-48807,Yes
IN-2015-79593,Yes
IN-2015-44719,Yes
IN-2012-73055,Yes
IN-2015-16929,Yes
IN-2012-11889,Yes
ID-2012-23068,Yes
IN-2015-54708,Yes
IN-2013-39336,Yes
ID-2015-56752,Yes
IN-2015-62366,Yes
ID-2012-78592,Yes
IN-2015-58607,Yes
IN-2015-71956,Yes
IN-2013-16845,Yes
ID-2012-64599,Yes
IN-2012-31020,Yes
IN-2014-68449,Yes
ID-2014-13562,Yes
IN-2014-69128,Yes
IN-2012-72502,Yes
IN-2013-27597,Yes
ID-2015-45580,Yes
IN-2015-10979,Yes
IN-2015-35346,Yes
IN-2013-17783,Yes
IN-2015-46007,Yes
IN-2013-25371,Yes
IN-2013-33918,Yes
IN-2012-12806,Yes
ID-2014-67693,Yes
IN-2014-38174,Yes
ID-2013-32350,Yes
IN-2013-28024,Yes
ID-2013-28255,Yes
IN-2015-31790,Yes
IN-2013-56178,Yes
ID-2015-71403,Yes
IN-2014-55639,Yes
ID-2014-48709,Yes
IN-2013-49864,Yes
IN-2015-54995,Yes
IN-2012-56451,Yes
IN-2013-36788,Yes
ID-2012-59293,Yes
IN-2012-58341,Yes
IN-2012-14017,Yes
IN-2012-10419,Yes
ID-2012-17286,Yes
ID-2014-51446,Yes
IN-2015-30649,Yes
IN-2015-17160,Yes
IN-2015-47848,Yes
IN-2013-35990,Yes
IN-2015-39371,Yes
ID-2014-64060,Yes
IN-2013-75211,Yes
IN-2015-84948,Yes
IN-2014-64977,Yes
ID-2014-34051,Yes
IN-2012-40568,Yes
IN-2015-30173,Yes
IN-2014-35087,Yes
IN-2015-43039,Yes
IN-2014-55135,Yes
IN-2013-83380,Yes
IN-2014-22571,Yes
IN-2015-61932,Yes
ID-2014-74875,Yes
IN-2013-66531,Yes
IN-2015-18441,Yes
IN-2014-65068,Yes
IN-2015-68337,Yes
IN-2012-50361,Yes
IN-2013-26757,Yes
IN-2013-45972,Yes
IN-2012-50613,Yes
IN-2015-39931,Yes
IN-2012-36179,Yes
IN-2015-77941,Yes
IN-2013-44691,Yes
ID-2012-20989,Yes
IN-2013-13772,Yes
IN-2015-37712,Yes
IN-2015-19911,Yes
IN-2013-67791,Yes
IN-2012-56486,Yes
IN-2012-23789,Yes
IN-2014-18497,Yes
IN-2013-24783,Yes
ID-2014-23495,Yes
IN-2012-54533,Yes
IN-2013-52524,Yes
IN-2013-80370,Yes
IN-2015-27863,Yes
IN-2014-19400,Yes
ID-2012-20975,Yes
IN-2015-38356,Yes
IN-2013-81812,Yes
IN-2013-85935,Yes
ID-2014-29662,Yes
IN-2015-64347,Yes
IN-2014-12736,Yes
ID-2015-39084,Yes
IN-2015-28640,Yes
IN-2014-17699,Yes
IN-2012-38965,Yes
IN-2014-19071,Yes
ID-2012-75652,Yes
IN-2014-22298,Yes
IN-2015-72278,Yes
IN-2012-36074,Yes
